Close,High,Low,Open,Volume,target
94.99,95.4,94.46,95.39,27705210,0
95.53,95.66,94.37,94.6,30949090,0
95.94,96.5,95.62,95.7,25139558,0
96.68,96.89,96.05,96.49,28912103,0
96.98,97.65,96.73,96.75,23794945,0
97.42,97.7,97.12,97.17,24167463,0
96.87,97.67,96.84,97.41,25892171,0
98.79,98.99,97.32,97.39,38918997,0
98.78,99.3,98.5,98.92,30136990,0
99.83,100.13,98.6,98.7,36493867,0
99.87,100,99.34,99.56,23779924,0
99.96,100.46,99.735,100,26275968,0
99.43,101,99.13,99.83,32702028,0
98.66,99.3,98.31,99.26,28313669,0
97.34,98.84,96.92,98.25,40382921,0
96.67,97.97,96.42,96.82,56239822,1
102.95,104.35,102.75,104.265,92344820,1
104.34,104.45,102.82,102.83,39869839,0
104.21,104.55,103.68,104.19,27733688,0
106.05,106.15,104.41,104.41,38167871,0
104.48,106.07,104,106.05,33816556,0
105.79,105.84,104.77,104.81,30202641,0
105.87,106,105.28,105.58,27408650,0
107.48,107.65,106.18,106.27,40553402,0
108.37,108.37,107.16,107.52,28037220,0
108.81,108.94,108.01,108.23,26315204,0
108,108.9,107.76,108.71,24008505,0
107.93,108.93,107.85,108.52,27484506,0
108.18,108.44,107.78,107.78,18660434,0
109.48,109.54,108.08,108.14,25868209,0
109.38,110.23,109.21,109.63,33794448,0
109.22,109.37,108.34,109.1,25355976,0
109.08,109.6,109.02,109.23,21984703,0
109.36,109.69,108.36,108.77,25368072,0
108.51,109.1,107.85,108.86,25820230,0
108.85,109.32,108.53,108.59,21257669,0
108.03,108.75,107.68,108.565,23675081,0
107.57,107.88,106.68,107.39,25086248,0
106.94,107.95,106.31,107.41,27766291,0
106.82,107.44,106.29,106.62,24970300,0
106,106.5,105.5,105.8,24863945,0
106.1,106.5699,105.64,105.66,29662406,0
106.73,106.8,105.62,106.14,26701523,0
107.73,108,106.82,107.7,26802450,0
107.7,108.3,107.51,107.9,26880391,0
108.36,108.76,107.07,107.83,42364328,0
105.52,107.27,105.24,107.25,53002026,1
103.13,105.72,103.13,104.64,46556984,1
105.44,105.72,102.53,102.65,45292770,0
107.95,108.79,107.24,107.51,62176190,1
111.77,113.03,108.6,108.73,112340318,1
115.57,115.73,113.49,113.86,90613177,1
114.92,116.13,114.04,115.12,79886911,1
113.58,116.18,113.25,115.19,47023046,1
113.57,114.12,112.51,113.05,34514269,0
113.55,113.989,112.441,113.85,36003185,0
114.62,114.94,114,114.35,31073984,0
112.71,114.79,111.55,114.42,52481151,1
112.88,113.39,111.55,111.64,29869442,0
113.09,113.18,112.34,113,24607412,0
113.95,114.64,113.43,113.69,29641085,0
112.18,113.8,111.8,113.16,35886990,0
113.05,113.37,111.8,112.46,36379106,0
112.52,113.05,112.28,112.71,21701760,0
113,114.31,112.63,113.06,29736835,0
113.05,113.66,112.69,113.4,21453089,0
113.89,114.34,113.13,113.7,28779313,0
114.06,114.56,113.51,114.31,24358443,0
116.05,116.75,114.72,115.02,36235956,0
116.3,118.69,116.2,117.7,64041043,1
117.34,117.98,116.75,117.35,37586787,0
116.98,117.44,115.72,116.79,35192406,0
117.63,118.17,117.13,117.88,35652191,0
117.55,117.84,116.78,117.33,23624896,0
117.47,118.21,117.45,118.18,24553478,0
117.12,117.76,113.8,117.25,20034594,0
117.06,117.38,116.33,116.86,24125801,0
116.6,116.91,116.28,116.81,23192665,0
117.65,117.74,117,117.1,23538673,0
118.25,118.36,117.31,117.95,48128970,1
115.59,115.7,113.31,114.31,66134219,1
114.48,115.86,114.1,115.39,34562045,0
113.72,115.21,113.45,113.87,37861662,0
113.54,114.23,113.2,113.65,26419398,0
111.49,113.77,110.53,113.46,43825812,0
111.59,112.35,111.23,111.4,28331709,0
109.83,111.46,109.55,110.98,26932602,0
108.84,110.25,108.11,108.53,30836997,0
110.41,110.51,109.46,110.08,32560000,0
111.06,111.72,109.7,110.31,24254179,0
110.88,111.32,108.05,109.88,59176361,1
107.79,111.09,105.83,111.09,57134541,1
108.43,108.87,106.55,106.92,34143898,0
105.71,107.809,104.08,107.32,51175504,1
107.11,107.68,106.1593,106.57,32264510,0
109.99,110.23,106.6,106.7,58840522,1
109.95,110.35,108.83,109.81,27632003,0
110.06,110.54,109.66,109.72,28428917,0
111.73,111.99,110.01,110.12,29264571,0
111.8,112.42,111.4,111.95,25965534,0
111.23,111.51,110.33,111.36,27426394,0
111.79,111.87,110.95,111.13,11475922,0
111.57,112.465,111.39,111.43,27193983,0
111.46,112.03,110.07,110.78,28528750,0
110.52,112.2,110.27,111.56,36162258,0
109.49,110.94,109.03,110.365,37086862,0
109.9,110.09,108.85,109.17,26527997,0
109.11,110.03,108.25,110,34324540,0
109.95,110.36,109.19,109.5,26195462,0
111.03,111.19,109.16,109.26,29998719,0
112.12,112.43,110.6,110.86,27068316,0
113.95,114.7,112.31,112.31,34402627,0
113.3,115,112.49,113.29,26374377,0
115.19,115.92,113.75,113.84,43733811,0
115.19,116.2,114.98,115.04,34031834,0
115.82,116.73,115.23,115.38,46524544,1
115.97,116.5,115.645,116.47,44351134,0
116.64,117.38,115.75,115.8,27779423,0
116.95,117.5,116.68,116.74,21424965,0
117.06,117.4,116.78,116.8,23783165,0
116.29,116.51,115.64,116.35,26085854,0
116.52,116.52,115.59,115.59,14249484,0
117.26,117.8,116.49,116.52,18296855,0
116.76,118.0166,116.2,117.52,20905892,0
116.73,117.1095,116.4,116.45,15039519,0
115.82,117.2,115.43,116.65,30586265,0
116.15,116.33,114.76,115.8,28781865,0
116.02,116.51,115.75,115.85,21118116,0
116.61,116.8642,115.81,115.92,22193587,0
117.91,118.16,116.47,116.78,31751900,0
118.99,119.43,117.94,117.95,33561948,0
119.11,119.38,118.3,118.77,24462051,0
119.75,119.93,118.6,118.74,27588593,0
119.25,119.3,118.21,118.895,27086220,0
119.04,119.62,118.81,119.11,26111948,0
120,120.24,118.22,118.34,34439843,0
119.99,120.5,119.71,120,23712961,0
119.78,120.09,119.37,119.4,25597291,0
120,120.45,119.7346,120.45,32597892,0
120.08,120.81,119.77,120,22050218,0
119.97,120.1,119.5,119.55,23211038,0
121.88,122.1,120.28,120.42,32586673,0
121.94,122.44,121.6,121.67,26337576,0
121.95,122.35,121.6,122.14,20562944,0
121.63,121.63,120.66,120.93,30377503,0
121.35,121.39,120.62,121.15,49200993,1
128.75,130.49,127.01,127.03,111985040,1
128.53,129.39,127.78,127.975,33710411,0
129.08,129.19,128.16,128.31,24507301,0
130.29,130.5,128.9,129.13,26845924,0
131.53,132.09,130.45,130.54,38183841,0
132.04,132.22,131.22,131.35,23004072,0
132.42,132.445,131.12,131.65,28349859,0
132.12,132.94,132.05,132.46,20065458,0
133.29,133.82,132.75,133.08,23035421,0
135.02,135.09,133.25,133.47,33226223,0
135.51,136.27,134.62,135.52,35623100,0
135.345,135.9,134.8398,135.67,22584555,0
135.72,135.83,135.1,135.1,22198197,0
136.7,136.75,135.98,136.23,24507156,0
137.11,137.12,136.11,136.43,20836932,0
136.53,137.48,136.3,137.38,20788186,0
136.66,136.66,135.28,135.91,21776585,0
136.93,137.435,136.28,137.14,20257426,0
136.99,137.435,136.7,137.08,23482860,0
139.79,140.15,137.595,137.89,36414585,0
138.96,140.2786,138.76,140,26210984,0
139.78,139.83,138.59,138.78,21571121,0
139.34,139.77,138.5959,139.365,21750044,0
139.52,139.98,138.79,139.06,17446297,0
139,139.8,138.82,138.95,18707236,0
138.68,138.79,137.05,138.74,22155904,0
139.14,139.3571,138.64,139.25,19612801,0
139.2,139.43,138.82,138.85,17421717,0
138.99,139.65,138.84,139.3,15309065,0
140.46,140.7501,139.025,139.41,25691774,0
140.69,141.02,140.26,140.72,19231998,0
139.99,141,139.89,141,43884952,0
141.46,141.5,140.23,140.4,21542038,0
139.84,142.8,139.73,142.11,39529912,0
141.42,141.6,139.76,139.845,25860165,0
140.92,141.5844,140.61,141.26,20346301,0
140.64,141.74,140.35,141.5,22395563,0
140.88,141.22,138.62,139.39,23575094,0
143.8,144.04,140.62,140.91,33374805,0
144.12,144.49,143.19,143.68,29189955,0
143.93,144.5,143.5,144.19,21207252,0
143.66,144.27,143.01,143.72,19661651,0
143.7,144.12,143.05,143.71,19985714,0
144.77,144.89,143.17,143.25,19891354,0
144.02,145.46,143.81,144.22,27717854,0
143.66,144.52,143.45,144.29,21149034,0
143.34,144.18,143.27,143.73,16658543,0
143.17,143.8792,142.9,143.6,18933397,0
141.63,143.35,140.06,142.94,30379376,0
141.8,142.15,141.01,141.6,20350000,0
141.05,142.38,141.05,141.91,17822880,0
141.83,141.88,140.87,141.48,16582094,0
141.2,142.04,141.11,141.41,14697544,0
140.68,142,140.45,141.88,17328375,0
142.44,142.92,141.16,141.22,23319562,0
142.27,142.68,141.85,142.44,17320928,0
143.64,143.95,143.18,143.5,17116599,0
144.53,144.9,143.87,143.91,18216472,0
143.68,144.6,143.3762,144.47,19614287,0
143.79,144.16,143.31,143.9225,13948980,0
143.65,144.3,143.27,144.09,20247187,0
146.58,147.2,144.96,145.1,32818760,0
147.51,148.09,146.84,147.54,39752670,0
147.06,147.49,144.27,145.59,45142806,0
146.53,147.14,145.81,146.52,23275690,0
148.96,148.98,146.76,146.76,26787359,0
153.01,153.7,149.03,149.03,48339210,1
153.99,154.88,153.45,153.87,35942435,0
153.26,153.94,152.11,153.63,25670456,0
153.95,154.07,152.31,152.45,25596687,0
156.1,156.42,154.67,154.7,32221756,0
155.7,156.65,155.05,156.01,25700983,0
155.47,156.06,154.72,155.94,19904679,0
150.25,154.57,149.71,153.6,49482818,1
152.54,153.34,151.13,151.27,33159664,0
153.06,153.98,152.63,153.38,26733798,0
153.99,154.58,152.91,154,22340069,0
153.8,154.9,153.31,154.9,19430358,0
153.34,154.17,152.67,153.84,19118319,0
153.87,154.35,153.03,153.73,19044463,0
153.61,154.24,153.31,154,21632202,0
153.67,154.43,153.33,153.42,20034934,0
152.76,154.17,152.38,153.97,23162873,0
153.18,153.33,152.22,153.17,16180143,0
155.45,155.45,152.89,153.58,27285861,0
153.93,154.45,153.46,154.34,24803858,0
154.45,155.81,153.78,153.9,26249630,0
155.37,155.98,154.48,155.02,20678772,0
154.99,155.54,154.4,155.25,20771367,0
148.98,155.19,146.02,155.19,64882700,1
145.42,146.09,142.51,145.74,71563614,1
146.59,147.45,145.15,147.16,33749154,0
145.16,147.5,143.84,147.5,31224203,0
144.29,144.4798,142.21,143.32,31348832,0
142.27,144.5,142.2,143.78,49180748,1
146.34,146.74,143.66,143.66,31449132,0
145.01,146.87,144.94,146.87,24572170,0
145.87,146.0693,144.61,145.52,21064679,0
145.63,146.7,145.1199,145.77,18673365,0
146.28,147.16,145.11,145.13,25997976,0
145.82,148.28,145.38,147.17,25524661,0
143.73,146.16,143.62,145.01,24423643,0
145.83,146.11,143.1601,144.49,21915939,0
143.68,145.13,142.28,144.71,31116980,0
144.02,144.96,143.78,144.45,22328979,0
143.5,145.3,143.1,144.88,14258300,0
144.09,144.79,142.7237,143.69,20758795,0
142.73,143.5,142.41,143.02,23374374,0
144.18,144.75,142.9,142.9,18505351,0
145.06,145.95,143.37,144.11,21030466,0
145.53,145.85,144.38,144.73,18311156,0
145.74,146.18,144.82,145.87,23617964,0
147.77,148.49,145.44,145.5,24922788,0
149.04,149.33,147.33,147.97,19961788,0
149.56,150.9,148.57,148.82,23243713,0
150.08,150.13,148.67,149.2,17713795,0
151.02,151.42,149.95,150.48,20615419,0
150.34,151.74,150.19,151.5,17053326,0
150.27,150.44,148.88,149.99,24671002,0
152.09,152.44,149.9,150.58,21122730,0
152.74,153.84,151.8,151.8,18612649,0
153.46,153.93,153.06,153.35,15172136,0
150.56,153.99,147.3,153.75,32175875,0
149.5,150.23,149.19,149.89,16832947,0
148.73,150.33,148.13,149.9,19422655,0
150.05,150.22,148.41,149.1,24725526,0
157.14,159.75,156.16,159.28,69222793,1
155.57,157.21,155.02,157.05,26000738,0
156.39,157.4,155.69,156.07,20349532,0
158.81,158.92,156.6701,157.06,21870321,0
160.08,161.83,158.27,158.6,35775675,0
161.059998,161.27,159.11,159.26,25640394,0
155.32,160,154.63,159.9,39081017,0
157.48,158.5728,156.07,156.6,25943187,0
159.85,160.21,158.75,159.32,21754810,0
161.6,162.195,160.14,160.66,27936774,0
160.95,162.51,160.15,161.94,27321761,0
157.86,160.71,157.84,160.52,26925694,0
157.5,159.5,156.72,157.86,27012525,0
157.21,157.89,155.1101,157.5,26145653,0
159.78,160,158.02,158.23,21297812,0
159.98,160.47,158.88,159.07,19198189,0
159.27,160.74,158.55,160.43,19029621,0
159.86,160.56,159.27,159.65,25015218,0
161.47,162,159.93,160.14,25279674,0
162.91,163.12,160,160.1,29307862,0
163.35,163.89,162.61,163.8,26973946,0
164,164.52,163.48,163.64,26412439,0
164.05,164.94,163.63,164.8,16508568,0
162.08,164.25,160.56,163.75,29317054,0
161.91,162.99,160.52,162.71,21179047,0
161.26,162.24,160.36,162.09,21722995,0
158.63,161.15,158.53,160.86,28183159,0
161.5,162.05,159.89,160.5,31028926,0
160.86,163.96,158.77,162.61,71139119,1
159.65,159.96,157.91,159.87,44393752,0
158.28,159.4,158.09,158.99,23073646,0
159.88,160.97,158,158.47,48203642,1
158.67,160.5,157.995,160.11,27939718,0
158.73,159.77,158.44,159.51,20347352,0
156.07,158.26,153.83,157.9,51693239,1
153.39,155.8,152.75,155.8,36643382,0
151.89,152.27,150.56,152.02,46114424,1
150.55,151.83,149.16,149.99,43922334,0
153.14,153.92,151.69,151.78,35470985,0
154.23,154.7189,153.54,153.8,24959552,0
153.28,154.28,152.7,153.89,21896592,0
154.12,154.13,152,153.21,25856530,0
153.81,154.45,152.72,154.26,18524860,0
154.48,155.09,153.91,154.01,16146388,0
153.48,153.86,152.46,153.63,19844177,0
155.39,155.44,154.05,154.18,21032800,0
155.3,155.49,154.56,154.97,16423749,0
155.84,156.73,155.485,155.81,16200129,0
155.9,158,155.1,156.055,15456331,0
156.55,156.98,155.75,155.97,16607693,0
156,157.37,155.7299,156.35,16045720,0
156.99,157.28,156.41,156.73,16287608,0
159.88,160,157.65,157.9,23894630,0
160.47,160.87,159.23,159.78,18816438,0
159.76,160.71,159.6,160.42,16158659,0
155.98,157.08,155.02,156.75,42111326,0
156.25,157.75,155.96,156.61,23612246,0
156.17,157.69,155.5,156.89,21654461,0
157.1,157.42,156.2,156.29,17137731,0
156.41,157.55,155.27,156.91,20126554,0
157.41,157.8295,156.78,157.23,16751691,0
163.05,163.6,158.7,159.29,43904150,0
166.72,168.07,163.72,163.89,43923292,0
169.04,169.6499,166.94,167.9,35474672,0
166.89,169.94,165.61,169.87,33100847,0
168.11,168.5,165.28,167.64,32710040,0
172.5,174.26,171.12,174,58683826,1
174.25,174.99,171.72,172.365,34242566,0
174.81,175.25,173.6,173.91,23910914,0
176.24,176.24,174.33,174.66,23907639,0
175.88,176.095,173.14,175.11,28636531,0
174.67,175.38,174.27,175.11,25061183,0
173.97,174.5,173.4,173.5,16828025,0
171.34,173.48,171.18,173.04,23588451,0
169.08,170.3197,168.38,169.97,28702351,0
171.1,171.87,170.3,171.18,23497326,0
170.15,171.39,169.64,171.04,21665811,0
169.98,170.56,169.56,170.29,15974387,0
173.14,173.7,170.78,170.78,24875471,0
174.96,175,173.05,173.36,24997274,0
174.97,175.5,174.6459,175.1,14026519,0
174.09,175.08,173.34,175.05,20536313,0
173.07,174.87,171.86,174.3,25468442,0
169.48,172.92,167.16,172.63,40788324,0
171.85,172.14,168.44,170.43,40172368,0
171.05,171.67,168.5,169.95,39590080,0
169.8,172.62,169.63,172.48,32115052,0
169.64,171.52,168.4,169.06,27008428,0
169.01,170.2047,166.46,167.5,28224357,0
169.32,170.44,168.91,169.03,24469613,0
169.37,171,168.82,170.49,23096872,0
172.67,172.89,168.79,169.2,33092051,0
171.7,172.39,171.461,172.15,18945457,0
172.27,173.54,172,172.5,23142242,0
172.22,173.13,171.65,172.4,20219307,0
173.97,174.17,172.46,173.63,37054632,0
176.42,177.2,174.86,174.88,28831533,0
174.54,175.39,174.09,175.03,27078872,0
174.35,175.42,173.25,174.87,23000392,0
175.01,176.02,174.1,174.17,20356826,0
175.01,175.42,174.5,174.68,16052615,0
170.57,171.47,169.68,170.8,32968167,0
170.6,170.78,169.71,170.1,21672062,0
171.08,171.85,170.48,171,15997739,0
169.23,170.59,169.22,170.52,25643711,0
172.26,172.3,169.26,170.16,25048048,0
172.23,174.55,171.96,172.53,28819653,0
173.03,173.47,172.08,172.54,22211345,0
175,175.37,173.05,173.44,23016177,0
174.35,175.61,173.93,174.35,20134092,0
174.33,175.06,173.41,174.55,21262614,0
174.29,174.3,173,173.16,23589129,0
175.28,175.49,174.49,174.59,17523256,0
177.09,177.36,175.65,176.18,25039531,0
176.19,179.39,176.14,177.9,29159005,0
179.1,179.25,175.07,176.15,32752734,0
179.26,180.1,178.25,179.37,30234512,0
178.46,179.58,177.41,178.61,30827809,0
177,177.78,176.6,177.3,26023683,0
177.04,179.44,176.82,177.3,31702531,0
174.22,177.3,173.2,177.25,50562257,1
171.11,174.95,170.53,174.51,39661804,0
171.51,172,170.06,172,37121805,0
167.96,170.16,167.07,170.16,48434424,1
166.97,167.37,164.7,165.53,45137026,0
167.43,168.44,166.5,166.87,30984099,0
167.78,168.62,166.76,167.17,38099665,0
160.5,166.8,160.1,166,85436075,1
156.49,163.88,156,159.1,66090446,1
163.03,163.72,154,154.83,66625484,1
159.54,163.4,159.07,163.09,50852130,1
155.15,161,155.03,160.29,49594129,1
156.41,157.89,150.24,157.07,66723743,1
162.71,163.89,157.51,158.5,60560145,1
164.34,164.75,161.65,161.95,32104756,0
167.37,167.54,162.88,163.04,39669178,0
172.99,173.09,169,169.79,50609595,1
172.43,174.82,171.77,172.36,39638793,0
171.85,174.26,171.42,172.05,33531012,0
171.07,174.12,171.01,172.83,35833514,0
172.5,173.95,171.71,171.8,30504116,0
175.5,175.65,173.54,173.67,33329232,0
178.97,179.39,176.21,176.35,36886432,0
178.39,180.48,178.16,179.1,38685165,0
178.12,180.62,178.05,179.26,33604574,0
175,179.78,172.66,178.54,48801970,1
176.21,176.3,172.45,172.8,38453950,0
176.82,177.74,174.52,175.21,28401366,0
176.67,178.25,176.13,177.91,23788506,0
175.03,175.85,174.27,174.94,31703462,0
176.94,177.12,175.07,175.48,23163767,0
179.98,180,177.39,177.96,31385134,0
181.72,182.39,180.21,180.29,32055405,0
179.97,183.5,179.24,182.59,31168404,0
178.44,180.52,177.81,180.32,29075469,0
178.65,180.24,178.07,178.5,22584565,0
178.02,179.12,177.62,178.65,36836456,0
175.3,177.47,173.66,177.32,32804695,0
175.24,176.8,174.94,175.24,19314039,0
171.27,175.09,171.26,175.04,35247358,0
168.85,172.68,168.6,170,41051076,0
164.94,169.92,164.94,168.39,40248954,0
172.77,173.1,166.44,168.07,36272617,0
168.34,175.15,166.92,173.68,38962839,0
166.48,170.02,165.19,167.25,41668545,0
167.78,171.75,166.9,167.81,38398505,0
166.68,168.94,164.47,166.64,37586791,0
168.39,168.75,164.88,167.64,30278046,0
171.61,172.01,164.77,164.88,34605489,0
172.8,174.23,172.08,172.58,26933197,0
168.38,172.48,168.2,170.97,35005290,0
170.05,173.09,169.85,169.88,29017718,0
173.25,174,171.53,173,28614241,0
172.44,173.92,171.7,172.23,22431640,0
174.14,175,173.04,173.41,22889285,0
174.73,175.84,173.85,174.78,25124255,0
175.82,176.19,174.83,175.03,21578420,0
178.24,178.94,176.41,176.49,26605442,0
177.84,178.82,176.88,177.81,20754538,0
172.8,175.39,172.66,173.76,34808800,0
165.72,171.22,165.43,170.6,65491140,1
165.24,166.92,164.09,166.83,36515477,0
162.94,166.33,161.22,165.67,33692017,0
163.65,165.42,162.41,162.62,28382084,0
164.22,165.73,163.37,164.12,27963014,0
162.32,164.33,160.63,164,35655839,0
165.26,167.26,161.84,162.13,42427424,0
169.1,169.2,165.27,166.41,53569376,1
176.57,177.75,173.8,175.23,66539371,1
176.89,177.5,174.44,175.88,34068180,0
183.83,184.25,178.17,178.25,56201317,1
185.16,187.67,184.75,185.18,42451423,0
186.05,186.22,183.67,184.99,28402777,0
187.36,187.4,185.22,186.55,23211241,0
190.04,190.37,187.65,187.74,27989289,0
188.59,190.06,187.45,189.49,26212221,0
188.15,189.53,187.86,189.01,20778772,0
186.44,187.07,185.1,186.78,23695159,0
188.18,188.46,186,186.07,19183064,0
186.99,188.91,186.36,188,17294029,0
186.31,187.81,186.13,187.19,18297728,0
187.63,189.27,186.91,188,18400787,0
187.16,188.88,186.78,188.38,15240704,0
188.36,188.5,185.76,186.35,20058415,0
188.15,188.84,186.21,188.77,23233975,0
188.58,189.65,187.65,188.23,17460963,0
187.9,188.75,186.87,187.6,22514075,0
187.5,188,186.78,187.72,18690547,0
186.87,188.23,186.14,187.22,27482793,0
190.24,190.26,187.75,187.99,23442510,0
191.83,193.42,191.35,191.64,26266174,0
193.31,193.94,192.36,193.07,21565963,0
193.98,194.08,191.92,193.63,20933619,0
193.46,194.2,192.34,194.14,21347180,0
191.7,192,189.77,191.17,26656799,0
191.23,191.97,190.21,191.35,18308460,0
192.28,192.61,191.15,191.39,16911141,0
190.7,192.88,190.44,192.42,21638393,0
190.8,191.57,190.22,191.55,21610074,0
188.84,190.16,188.26,190.03,61719160,1
188.74,189.22,187.2,187.88,18484865,0
185.69,186.33,183.45,185.14,33578455,0
186.5,187.2,185.73,186.35,20628701,0
185.46,188.35,184.94,187.25,25711898,0
184.92,186.15,184.7,186.12,27200447,0
182.17,184.92,180.73,183.4,31663096,0
184.43,186.53,182.54,182.99,24569201,0
184.16,187.28,184.03,185.23,25285328,0
185.5,186.21,183.8,184.1,17365235,0
185.11,187.19,182.91,186.29,22737666,0
187.18,187.3,183.42,183.82,17731343,0
183.92,187.95,183.54,187.79,13954806,0
185.4,186.41,184.28,185.26,16604248,0
187.97,188.43,185.2,185.42,17485245,0
190.58,190.68,189.3,189.5,19756634,0
190.35,191.28,190.18,190.71,15939149,0
187.88,189.78,187.61,188.5,18831470,0
191.03,191.41,189.31,189.53,18041131,0
191.33,191.84,190.9,191.08,12519792,0
190.91,192.65,190.42,191.52,15043110,0
191.45,191.87,189.2,189.75,15534523,0
190.4,191.8,189.93,191.78,16393381,0
191.88,192.55,189.69,189.69,20286752,0
191.44,192.43,190.17,191.78,20706042,0
191.61,191.96,189.56,190.68,15989365,0
193,193.66,192.05,192.45,18697898,0
194.82,194.85,192.43,193.06,16826483,0
194.21,195.96,193.61,194.61,19075964,0
190.98,195.19,190.1,194.99,24023972,0
189.91,192.2,189.07,191.9,21029535,0
190.29,192.14,189.34,190.3,39373038,0
201.5,201.76,197.31,199.13,67935716,1
207.39,208.38,200.35,200.58,62404012,1
207.99,208.74,205.48,207.03,33447396,0
209.07,209.25,207.07,208,25425387,0
207.11,209.5,206.76,209.32,25587387,0
207.25,207.81,204.52,206.05,22525487,0
208.88,209.78,207.2,207.28,23492626,0
207.53,209.1,206.67,207.36,24611202,0
208.87,210.95,207.7,207.7,25890880,0
209.75,210.56,208.26,210.16,20748010,0
210.24,210.74,208.33,209.22,28807564,0
213.32,213.81,211.47,211.75,28500367,0
217.58,217.95,213.16,213.44,35426997,0
215.46,219.18,215.11,218.1,30287695,0
215.04,217.19,214.03,216.8,26159755,0
215.05,216.36,213.84,214.1,19018131,0
215.49,217.05,214.6,214.65,18883224,0
216.16,216.9,215.11,216.6,18476356,0
217.94,218.74,216.33,217.15,20525117,0
219.7,220.54,218.92,219.01,22776766,0
222.98,223.49,219.41,220.15,27254804,0
225.03,228.26,222.4,223.25,48793824,1
227.63,228.87,226,226.51,43340134,0
228.36,229.18,226.63,228.41,27390132,0
226.87,229.67,225.1,228.99,33332960,0
223.1,227.35,221.3,226.23,34289976,0
221.3,225.37,220.71,221.85,37619810,0
218.33,221.85,216.47,220.95,39516453,0
223.85,224.3,216.56,218.01,35749049,0
221.07,225,219.84,224.94,49278740,1
226.41,228.35,222.57,223.52,41706377,0
223.84,226.84,222.52,225.75,31999289,0
217.88,222.95,217.27,222.15,37195133,0
218.24,221.85,217.12,217.79,31571712,0
218.37,219.62,215.3,218.5,27123833,0
220.03,222.28,219.15,220.24,26608794,0
217.66,221.36,217.29,220.78,96246748,1
220.79,221.26,216.63,216.82,27693358,0
222.19,222.82,219.7,219.75,24554379,0
220.42,223.75,219.76,221,23984706,0
224.95,226.44,223.54,223.82,30181227,0
225.74,225.84,224.02,224.79,22929364,0
227.26,229.42,226.35,227.95,23600802,0
229.28,230,226.63,227.25,24788170,0
232.07,233.47,229.78,230.05,28654799,0
227.99,232.35,226.73,230.78,32042000,0
224.29,228.41,220.58,227.96,33580463,0
223.77,224.8,220.2,222.21,29663923,0
226.87,227.27,222.25,223.64,26891029,0
216.36,226.35,216.05,225.46,41990554,0
214.45,219.5,212.32,214.52,53124392,1
222.11,222.88,216.84,220.42,40337851,0
217.36,221.83,217.27,221.16,30791007,0
222.15,222.99,216.76,218.93,29183963,0
221.19,222.64,219.34,222.3,22885397,0
216.02,219.74,213,217.86,32581315,0
219.31,221.26,217.43,218.06,33078726,0
220.65,223.36,218.94,219.79,28792082,0
222.73,223.25,214.7,215.83,38767846,0
215.09,224.23,214.54,222.6,40925163,0
219.8,221.38,216.75,217.71,29855768,0
216.3,220.19,212.67,215.9,47258375,1
212.24,219.69,206.09,219.19,45935520,1
213.3,215.18,209.27,211.15,36659990,0
218.86,220.45,216.62,216.88,38358933,0
222.22,222.36,216.81,219.05,58323180,1
207.48,213.65,205.43,209.55,91328654,1
201.59,204.39,198.17,204.3,66163669,1
203.77,204.72,201.69,201.92,31882881,0
209.95,210.06,204.13,205.97,33424434,0
208.49,210.12,206.75,209.98,25362636,0
204.47,206.01,202.25,205.55,34365750,0
194.17,199.85,193.79,199,51135518,1
192.23,197.18,191.45,191.63,46882936,1
186.8,194.48,185.93,193.9,60800957,1
191.41,191.97,186.9,188.39,46478801,1
193.53,194.97,189.46,190.5,36928253,0
185.86,190.7,184.99,190,41920872,0
176.98,181.47,175.51,178.37,67825247,1
176.78,180.27,176.55,179.73,31124210,0
172.29,176.595,172.1,174.94,23623972,0
174.62,174.95,170.26,174.24,44998520,0
174.24,174.77,170.88,171.51,41387377,0
180.94,181.29,174.93,176.73,46062539,1
179.55,182.8,177.7,182.66,41769992,0
178.58,180.33,177.03,180.29,39531549,0
184.82,184.94,181.21,184.46,40798002,0
176.69,182.39,176.27,180.95,41344282,0
174.72,174.78,170.42,171.76,43098410,0
168.49,174.49,168.3,173.49,42281631,0
169.6,170.09,163.33,165,62025994,1
168.63,171.79,167,171.66,47281665,1
169.1,171.92,169.02,170.4,35627674,0
170.95,172.57,169.55,170.49,31897827,0
165.48,169.08,165.28,169,40703710,0
163.94,168.35,162.73,165.45,44287922,0
166.07,167.53,164.39,165.38,33841518,0
160.89,167.45,159.09,166,49047297,1
156.83,162.11,155.3,160.4,64772960,1
150.73,158.16,149.63,156.86,95744384,1
146.83,151.55,146.59,148.15,37169232,0
157.17,157.23,146.72,148.3,58582544,1
156.15,156.77,150.07,155.84,53117065,1
156.23,158.52,154.55,157.5,42291424,0
157.74,159.36,156.48,158.53,35003466,0
157.92,158.85,154.23,154.89,37039737,0
142.19,145.72,142,143.98,91312195,1
148.26,148.55,143.8,144.53,58607070,1
147.93,148.83,145.9,148.7,54777764,1
150.75,151.82,148.52,149.56,41025314,0
153.31,154.53,149.63,151.29,45099081,0
153.8,153.97,150.86,152.5,35780670,0
152.29,153.7,151.51,152.88,27023241,0
150,151.27,149.22,150.85,32439186,0
153.07,153.39,150.05,150.27,28710324,0
154.94,155.88,153,153.08,30569706,0
155.86,157.66,153.26,154.2,29821160,0
156.82,157.88,155.98,157.5,33751023,0
153.3,156.73,152.62,156.41,30393970,0
153.92,155.14,151.7,154.15,23130570,0
152.7,154.48,151.74,154.11,25441549,0
157.76,158.13,154.32,155.48,33547893,0
156.3,156.33,153.66,155.79,26192058,0
154.68,158.13,154.11,156.25,41587239,0
165.25,166.15,160.23,163.25,61109780,1
166.44,169,164.56,166.11,40739649,0
166.52,168.98,165.93,166.96,32668138,0
171.25,171.66,167.28,167.41,31495582,0
174.18,175.08,172.35,172.86,36101628,0
174.24,175.57,172.85,174.65,28239591,0
170.94,173.94,170.34,172.4,31741690,0
170.41,170.66,168.42,168.99,23819966,0
169.43,171.21,169.25,171.05,20993425,0
170.89,171,169.7,170.1,22283523,0
170.18,172.48,169.92,171.39,22490233,0
170.8,171.26,169.38,169.71,21835747,0
170.42,171.7,169.75,171.25,24626814,0
170.93,171.44,169.49,169.71,18972826,0
172.03,173.32,170.99,171.19,26114362,0
171.06,172.37,170.3,171.8,17249670,0
172.97,173,171.38,171.58,18913154,0
174.23,175.87,173.95,174.16,21873358,0
174.33,175.3,173.17,173.71,17070211,0
174.87,175,172.73,173.21,27835389,0
173.15,174.91,172.92,174.32,28215416,0
174.97,175.15,172.89,174.28,25886167,0
175.85,177.75,173.97,175.69,27436203,0
175.53,176,174.54,175.94,19737419,0
174.52,175.49,173.94,174.67,20810384,0
172.5,174.44,172.02,173.87,24796374,0
172.91,173.07,169.5,170.32,23999358,0
178.9,179.12,175.35,175.49,32011034,0
180.91,182.67,179.37,180,32467584,0
181.71,183.3,180.92,182.25,31032524,0
183.73,184.1,182.56,183.9,23579508,0
186.12,187.33,183.74,184.85,39042912,0
188.02,188.39,185.79,185.8,26219832,0
186.53,188.99,185.92,188.35,31646369,0
188.16,189.49,184.73,186.23,31035231,0
195.09,196.33,189.81,190.02,51034237,1
191.05,197.69,190.78,195.34,42407666,0
188.74,191.98,186.6,191.51,43845293,0
186.79,192.88,184.58,191.66,49800538,1
188.47,189.76,186.55,188.75,29848427,0
188.72,189.56,187.53,188.95,20780363,0
189.95,190.08,188.54,189.83,23563961,0
191.24,191.68,188.38,191.64,27861964,0
194.02,194.46,191.05,191.09,22765732,0
195.35,196.5,193.15,193.25,23271830,0
195.69,196.37,193.14,194.79,19114275,0
197,197.1,195.93,196.45,18526644,0
200.1,200.23,196.34,196.42,25881697,0
199.5,202.85,199.23,200.32,35768237,0
200.62,200.74,198.18,198.68,21695288,0
198.95,201,198.44,200.85,20900808,0
198.87,200.14,196.21,199.2,27760668,0
199.23,199.85,198.01,198.58,17536646,0
199.25,201.37,198.56,199.46,25696385,0
203.13,203.38,198.61,199.54,28906780,0
203.86,204.15,202.52,203.12,24195766,0
204.53,204.94,202.34,202.83,19439545,0
207.48,207.75,203.9,204.43,23322991,0
207.16,208.48,207.05,207.36,17540609,0
205.28,207.76,205.12,206.83,18543206,0
204.3,205,202.12,204.9,18649102,0
204.61,205.97,203.86,204.4,22204716,0
200.67,203.4,199.11,203.06,46534923,1
210.52,215.31,209.23,209.88,64827328,1
209.15,212.65,208.13,209.84,31996324,0
211.75,211.84,210.23,210.89,20892378,0
208.48,208.84,203.5,204.29,32443113,0
202.86,207.42,200.83,205.88,38763698,0
202.9,205.34,201.75,201.9,26339504,0
200.72,201.68,196.66,200.4,34908607,0
197.18,198.85,192.77,197.42,41208712,0
185.72,189.48,182.85,187.71,57430623,1
188.66,189.7,185.41,186.41,36529677,0
190.92,191.75,186.02,186.27,26544718,0
190.08,192.47,188.84,189.91,33031364,0
189,190.9,186.76,186.93,32879090,0
183.09,184.35,180.28,183.52,38612290,0
186.6,188,184.7,185.22,28364848,0
182.78,185.71,182.55,184.66,29748556,0
179.66,180.54,177.81,179.8,36529736,0
178.97,182.14,178.62,180.2,23714686,0
178.23,180.59,177.91,178.92,27948160,0
177.38,179.35,176,176.42,28481165,0
178.3,179.23,176.67,177.95,21218412,0
175.07,177.99,174.99,176.23,27043584,0
173.3,177.92,170.27,175.6,40396069,0
179.64,179.83,174.52,175.44,30967961,0
182.54,184.99,181.14,184.28,29773427,0
185.22,185.47,182.15,183.08,22526311,0
190.15,191.92,185.77,186.51,30684393,0
192.58,195.37,191.62,191.81,26220851,0
194.81,196,193.6,194.86,26932882,0
194.19,195.97,193.39,193.95,18253189,0
194.15,196.79,193.6,194.7,21674625,0
192.74,193.59,190.3,191.55,18761474,0
193.89,194.96,192.17,192.9,14669144,0
198.45,200.29,195.21,196.05,26551004,0
197.87,199.88,197.31,199.68,21124235,0
199.46,200.61,198.03,200.37,21513988,0
198.78,200.85,198.15,198.8,47800589,1
198.58,200.16,198.17,198.54,18220421,0
195.57,199.26,195.29,198.43,21070334,0
199.8,200.99,197.35,197.77,26067512,0
199.74,201.57,199.57,200.29,20899717,0
197.92,199.5,197.05,198.68,31110642,0
201.55,204.49,200.65,203.17,27316739,0
202.73,203.13,201.36,201.41,16935217,0
204.41,204.44,202.69,203.28,11362045,0
204.23,205.08,202.9,203.35,17265518,0
200.02,201.4,198.41,200.81,25338628,0
201.24,201.51,198.81,199.2,20578015,0
203.23,203.73,201.56,201.85,17897138,0
201.75,204.39,201.71,203.31,20191842,0
203.3,204,202.2,202.45,17595212,0
205.21,205.87,204,204.09,16947420,0
204.5,206.11,203.5,204.59,16866816,0
203.35,205.09,203.27,204.05,14107450,0
205.66,205.88,203.7,204,18582161,0
202.59,206.5,202.36,205.79,20929307,0
207.22,207.23,203.61,203.65,22277932,0
208.84,208.91,207.29,208.46,18355210,0
208.67,209.15,207.17,207.67,14991567,0
207.02,209.24,206.73,208.89,13909535,0
207.74,209.73,207.14,207.48,17618874,0
209.68,210.64,208.44,208.46,21673389,0
208.78,210.16,207.31,208.76,33935718,0
213.04,221.37,211.3,216.42,69281361,1
208.43,218.03,206.74,213.9,54017922,1
204.02,206.43,201.63,205.53,40862122,0
193.34,198.65,192.58,197.99,52392969,1
197,198.07,194.04,196.31,35824787,0
199.04,199.56,193.82,195.41,33364400,0
203.43,203.53,199.39,200.2,27009523,0
200.99,202.76,199.29,201.3,24619746,0
200.48,202.05,199.15,199.62,22481889,0
208.97,212.14,200.48,201.02,47539786,1
202.75,206.44,202.59,203.16,36547443,0
201.74,205.14,199.67,203.46,27883363,0
206.5,207.16,203.84,204.28,28813624,0
210.35,212.73,210.03,210.62,24431915,0
210.36,213.35,210.32,210.88,26919529,0
212.64,213.65,211.6,212.99,21564747,0
212.46,214.44,210.75,213.19,22267819,0
202.64,212.05,201,209.43,46882843,1
206.49,207.19,205.06,205.86,26066130,0
204.16,208.55,203.53,207.86,25897344,0
205.53,205.72,203.32,204.1,15957632,0
209.01,209.32,206.66,208.5,21007652,0
208.74,210.45,207.2,210.16,21162561,0
205.7,206.98,204.22,206.43,20059574,0
209.19,209.48,207.32,208.39,19216820,0
213.28,213.97,211.51,212,23946984,0
213.26,214.42,212.51,214.05,19362294,0
214.17,216.44,211.07,214.84,27309401,0
216.7,216.78,211.71,213.86,31777931,0
223.59,223.71,217.73,218.07,44289646,0
223.09,226.42,222.86,224.8,32226669,0
218.75,220.79,217.02,220,39763296,0
219.9,220.13,217.56,217.73,21158141,0
220.7,220.82,219.12,219.96,18386468,0
222.77,222.85,219.44,221.06,25643093,0
220.96,223.76,220.37,222.01,22187876,0
217.73,222.56,217.47,221.38,57977094,1
218.72,219.84,217.65,218.95,19419648,0
217.68,222.49,217.19,221.03,31434367,0
221.03,221.5,217.14,218.55,22481006,0
219.89,220.94,218.83,220,19088312,0
218.82,220.96,217.28,220.54,25361285,0
223.97,224.58,220.79,220.9,26318583,0
224.59,228.22,224.2,225.07,36187163,0
218.96,223.58,217.93,223.06,35767257,0
220.82,220.96,215.13,218.43,30352686,0
227.01,227.49,223.89,225.64,34755553,0
227.06,229.93,225.84,226.27,30889269,0
224.4,228.06,224.33,225.82,29282700,0
227.03,227.79,225.64,227.03,19029424,0
230.09,230.44,227.3,227.93,28962984,0
236.21,237.64,232.31,232.95,41990210,0
235.87,238.13,234.67,234.9,24413484,0
235.32,237.65,234.88,236.39,23040483,0
234.37,235.24,233.2,233.37,19286694,0
235.28,236.15,233.52,235.09,17272897,0
236.41,237.58,234.29,234.59,24248023,0
240.51,240.99,237.32,237.52,21811567,0
239.96,242.2,239.62,241.16,22684001,0
243.18,243.24,241.22,242.1,19932545,0
243.58,244.8,241.81,244.51,17916255,0
246.58,246.73,242.88,243.16,18369296,0
249.05,249.25,246.72,247.42,23655368,0
243.29,249.75,242.57,248.97,35709867,0
243.26,245.3,241.21,244.76,31130522,0
248.76,249.17,237.26,247.24,34790520,0
255.82,255.93,249.16,249.54,37781334,0
257.5,257.85,255.38,257.33,25817952,0
257.13,258.19,256.32,257.05,19974427,0
257.24,257.49,255.37,256.77,18966124,0
259.43,260.35,258.11,258.74,23735083,0
260.14,260.44,256.85,258.69,17520495,0
262.2,262.47,258.28,258.3,20507459,0
261.96,262.79,260.92,261.55,21847226,0
264.47,264.78,261.07,261.13,25817593,0
262.64,264.88,262.1,263.75,22395556,0
265.76,265.78,263.01,263.68,25093666,0
267.1,267.43,264.23,265.8,21700897,0
266.29,268,265.39,267.9,19069597,0
263.19,266.08,260.4,265.54,26609919,0
262.01,264.01,261.18,263.69,30348778,0
261.78,263.18,260.84,262.59,16331263,0
266.37,266.44,262.52,262.71,21029517,0
264.29,267.16,262.5,266.94,26334882,0
267.84,267.98,265.31,265.58,16386122,0
267.25,268,265.9,266.6,11654363,0
264.16,268.25,263.45,267.27,23693550,0
259.45,259.53,256.29,258.31,29377268,0
261.74,263.31,260.68,261.07,16810388,0
265.58,265.89,262.73,263.79,18661343,0
270.71,271,267.3,267.48,26547493,0
266.92,270.8,264.91,270,32182645,0
268.48,270.07,265.86,268.6,22632383,0
270.77,271.1,268.5,268.81,19723391,0
271.46,272.56,267.32,267.78,34437042,0
275.15,275.3,270.93,271.46,33432806,0
279.86,280.79,276.98,277,32081105,0
280.41,281.77,278.8,279.57,28575798,0
279.74,281.9,279.12,279.8,29024687,0
280.02,281.18,278.95,279.5,24626947,0
279.44,282.65,278.56,282.23,69032743,1
284,284.25,280.37,280.53,24677883,0
284.27,284.89,282.92,284.69,12119714,0
289.91,289.98,284.7,284.82,23334004,0
289.8,293.97,288.12,291.12,36592936,0
291.52,292.69,285.22,289.46,36059614,0
293.65,293.68,289.52,289.93,25247625,0
300.35,300.6,295.19,296.24,33911864,0
297.43,300.58,296.5,297.15,36633878,0
299.8,299.96,292.75,293.79,29644644,0
298.39,300.9,297.48,299.84,27877655,0
303.19,304.44,297.16,297.16,33090946,0
309.63,310.43,306.2,307.24,42621542,0
310.33,312.67,308.25,310.6,35217272,0
316.96,317.07,311.15,311.64,30028742,0
312.68,317.57,312.17,316.7,40653457,0
311.34,315.5,309.55,311.85,30480882,0
315.24,315.7,312.09,313.59,27207254,0
318.73,318.74,315,316.27,34454117,0
316.57,319.02,316,317.19,27235039,0
317.7,319.99,317.31,318.58,25458115,0
319.23,319.56,315.65,317.92,26117993,0
318.31,323.33,317.52,320.25,36634380,0
308.95,311.77,304.88,310.06,40485005,0
317.69,318.4,312.19,312.6,40558486,0
324.34,327.85,321.38,324.45,54149928,1
323.87,324.09,318.75,320.54,31685808,0
309.51,322.68,308.29,320.93,49897096,1
308.66,313.49,302.22,304.3,43496401,0
318.85,319.64,313.63,315.31,34154134,0
321.45,324.76,318.95,323.52,29706718,0
325.21,325.22,320.26,322.57,26356385,0
320.03,323.4,318,322.37,29421012,0
321.55,321.55,313.85,314.18,27337215,0
319.61,323.9,318.71,323.6,23580780,0
327.2,327.22,321.47,321.47,28432573,0
324.87,326.22,323.35,324.19,23686892,0
324.95,325.98,322.85,324.74,20028447,0
319,319.75,314.61,315.36,38190545,0
323.62,324.57,320,320,23495991,0
320.3,324.65,318.21,322.63,25141489,0
313.05,320.45,310.5,318.62,32426415,0
298.18,304.18,289.23,297.26,55548828,1
288.08,302.53,286.13,300.95,57668364,1
292.65,297.88,286.5,286.53,49678431,1
273.52,286,272.96,281.1,80151381,1
273.36,278.41,256.37,257.26,106721230,1
298.81,301.44,277.72,282.28,85349339,1
289.32,304,285.8,303.67,79868852,1
302.74,303.4,293.13,296.44,54794568,1
292.92,299.55,291.41,295.52,46893219,1
289.03,290.82,281.23,282,56544246,1
266.17,278.09,263,263.75,71686208,1
285.34,286.44,269.37,277.14,71322520,1
275.43,281.22,271.86,277.39,64094970,1
248.23,270,248,255.94,104618517,1
277.97,279.92,252.95,264.89,92683032,1
242.21,259.08,240,241.95,80605865,1
252.86,257.61,238.4,247.51,81013965,1
246.67,250,237.12,239.77,75058406,1
244.78,252.84,242.61,247.39,67964255,1
229.24,251.83,228,247.18,100423346,1
224.37,228.5,212.61,228.08,84188208,1
246.88,247.69,234.3,236.36,71882773,1
245.52,258.25,244.3,250.75,75900510,1
258.44,258.68,246.36,246.52,63140169,1
247.74,255.87,247.05,252.75,51054153,1
254.81,255.52,249.4,250.74,41994110,0
254.29,262.49,252,255.6,49250501,1
240.91,248.72,239.13,246.5,44054638,0
244.93,245.15,236.9,240.34,41483493,0
241.41,245.7,238.97,242.8,32470017,0
262.47,263.11,249.38,250.9,50455071,1
259.43,271.7,259,270.8,50721831,1
266.07,267.37,261.23,262.74,42223821,0
267.99,270.07,264.7,268.7,40529123,0
273.25,273.7,265.83,268.31,32755731,0
287.05,288.25,278.05,280,48748672,1
284.43,286.33,280.63,282.4,32788641,0
286.69,288.2,282.35,287.38,39281290,0
282.8,286.95,276.86,284.69,53812478,1
276.93,281.68,276.85,277.95,32503750,0
268.37,277.25,265.43,276.28,45247893,0
276.1,277.9,272.2,273.61,29264342,0
275.03,281.75,274.87,275.87,31203582,0
282.97,283.01,277,277.2,31627183,0
283.17,284.54,279.95,281.8,29271893,0
278.58,285.83,278.2,285.08,28001187,0
287.73,289.67,283.89,284.73,34320204,0
293.8,294.53,288.35,289.96,45765968,1
289.07,299,285.85,286.25,60154175,1
293.16,293.69,286.32,289.17,33391986,0
297.56,301,294.46,295.06,36937795,0
300.63,303.24,298.87,300.46,35583438,0
303.74,305.17,301.97,303.22,28803764,0
310.13,310.35,304.29,305.64,33511985,0
315.01,317.05,307.24,308.1,36486561,0
311.41,319.69,310.91,317.83,40575263,0
307.65,315.95,303.21,312.15,50155639,1
309.54,309.79,301.53,304.51,39732269,0
307.71,307.9,300.21,300.35,41587094,0
314.96,316.5,310.32,313.17,33843125,0
313.14,318.52,313.01,315.03,25432385,0
319.23,319.52,316.52,316.68,27876215,0
316.85,320.89,315.87,318.66,25672211,0
318.89,319.23,315.35,315.77,20450754,0
316.73,324.24,316.5,323.5,31380454,0
318.11,318.71,313.09,316.14,28236274,0
318.25,323.44,315.63,316.77,33449103,0
317.94,321.15,316.47,319.25,38399532,0
321.85,322.35,317.21,317.75,20254653,0
323.34,323.44,318.93,320.75,21910704,0
325.12,326.2,322.3,324.66,26122804,0
322.32,325.62,320.78,324.39,21890091,0
331.5,331.75,323.23,323.35,34312550,0
333.46,333.6,327.32,330.25,23913634,0
343.99,345.61,332.01,332.14,36928091,0
352.84,354.77,346.09,347.9,41662938,0
335.9,351.06,335.48,349.31,50415613,1
338.8,347.8,334.22,344.72,50036513,1
342.99,345.68,332.58,333.25,34702230,0
352.08,353.2,344.72,351.46,41357182,0
351.59,355.4,351.09,355.15,28601626,0
351.73,353.45,349.22,351.41,24205096,0
349.72,356.56,345.15,354.64,66118952,1
358.87,359.46,351.15,351.34,33861316,0
366.53,372.38,362.27,364,53038869,1
360.06,368.79,358.52,365,48155849,1
364.84,365,357.57,360.7,34380628,0
353.63,365.32,353.02,364.41,51314211,1
361.78,362.1736,351.28,353.25,32661519,0
364.8,365.98,360,360.08,35055821,0
364.11,367.36,363.91,365.12,27690454,0
364.11,370.47,363.64,367.85,28814516,0
373.85,375.78,369.87,370,29745936,0
372.69,378.62,372.23,375.41,28206999,0
381.37,381.5,376.36,376.72,29274479,0
383.01,385.27,378.69,385.05,31420357,0
383.68,383.92,378.82,381.34,22564330,0
381.91,399.82,381.03,389.06,47913079,1
388.23,389.02,375.51,379.36,42748119,0
390.9,396.99,385.96,395.96,38306874,0
386.09,389.62,383.62,386.25,27645927,0
385.31,388.59,383.36,387.95,23046755,0
393.43,394,384.25,385.67,22397208,0
388,397,386.97,396.69,25627347,0
389.09,391.9,386.41,386.77,22250413,0
371.38,388.31,368.039,387.9935,49251108,1
370.46,371.88,356.58,363.95,46359716,1
379.24,379.62,373.92,374.84,30303548,0
373.01,378.1986,372.99,377.47,25906375,0
380.16,380.92,374.85,375,22582314,0
384.76,385.19,375.07,376.75,39532505,0
425.04,425.66,403.3,411.535,93573867,1
435.75,446.5457,431.57,432.8,77037847,1
438.66,443.16,433.55,436.53,43198092,0
440.25,441.57,435.59,437.51,30497988,0
455.61,457.65,439.19,441.62,50607225,1
444.45,454.7,441.17,452.82,49511403,1
450.91,455.1,440,450.4,53100856,1
437.5,449.93,436.4267,447.875,46975594,1
452.04,453.1,441.19,441.99,41486205,0
460.04,464.17,455.71,457.72,52520516,1
459.63,460,452.18,459.315,41391302,0
458.43,464.35,455.8501,464.25,29431414,0
462.25,464,456.03,457.41,26408385,0
462.83,468.65,462.44,463.933,36384502,0
473.1,473.568,462.9335,463,31726797,0
497.48,499.472,477,477.05,84513660,1
503.43,515.14,495.745,514.79,86484442,1
499.3,500.7172,492.21,498.79,52873947,1
506.09,507.97,500.33,504.7165,40755567,0
500.04,509.94,495.33,508.57,38888096,0
499.23,505.77,498.31,504.05,46907479,1
129.04,131,126,127.58,223505733,1
134.18,134.8,130.53,132.76,152470142,1
131.4,137.98,127,137.59,200118991,1
120.88,128.84,120.5,126.91,257599640,1
120.96,123.7,110.89,120.07,332607163,1
112.82,118.99,112.68,113.95,231366563,1
117.32,119.14,115.26,117.26,176940455,1
113.49,120.5,112.5,120.36,182274391,1
112,115.23,110,114.57,180860325,1
115.355,115.93,112.8,114.72,140150087,1
115.54,118.829,113.61,118.33,184642039,1
112.13,116,112.04,115.23,155026675,1
110.34,112.2,108.71,109.72,178010968,1
106.84,110.88,106.09,110.4,287104882,1
110.08,110.19,103.1,104.54,195713815,1
111.81,112.86,109.16,112.68,183055373,1
107.12,112.11,106.77,111.62,150718671,1
108.22,110.25,105,105.17,167743349,1
112.28,112.44,107.67,108.43,149981441,1
114.96,115.32,112.78,115.01,137672403,1
114.09,115.31,113.57,114.55,100060526,1
115.81,117.26,113.62,113.79,142675184,1
116.79,117.72,115.83,117.64,116120440,1
113.02,115.37,112.22,112.89,144711986,1
116.5,116.65,113.55,113.91,106243839,1
113.16,116.12,112.25,115.7,161498212,1
115.08,115.55,114.13,114.62,96848985,1
114.97,116.4,114.5901,116.25,83477153,1
116.97,117,114.92,115.28,100506865,1
124.4,125.18,119.2845,120.06,240226769,1
121.1,125.39,119.65,125.27,262330451,1
121.19,123.03,119.62,121,151062308,1
120.71,121.2,118.15,118.72,112559219,1
119.02,121.548,118.81,121.28,115393808,1
115.98,120.419,115.66,119.96,120639337,1
117.51,118.98,115.63,116.2,124423728,1
116.87,118.705,116.45,116.67,89945980,1
115.75,118.04,114.59,117.45,101987954,1
115.04,116.55,114.28,116.39,82572645,1
115.05,116.55,112.88,114.01,111850657,1
116.6,117.28,114.5399,115.49,92276772,1
111.2,115.43,111.1,115.05,143937823,1
115.32,116.93,112.2,112.37,146129173,1
108.86,111.99,107.72,111.06,190573476,1
108.77,110.68,107.32,109.11,122866899,1
110.44,111.49,108.73,109.66,107624448,1
114.95,115.59,112.35,114.14,138235482,1
119.03,119.62,116.8686,117.95,126387074,1
118.69,119.2,116.13,118.32,114457922,1
116.32,121.99,116.05,120.5,154515315,1
115.97,117.59,114.13,115.55,138023390,1
119.49,119.63,116.44,117.19,112294954,1
119.21,120.53,118.57,119.62,103350674,1
119.26,119.6717,117.87,119.44,81688586,1
120.3,120.99,118.146,118.92,91183018,1
119.39,120.6741,118.96,119.55,74270973,1
118.03,119.82,118,118.61,76322111,1
118.64,119.06,116.81,117.59,74112972,1
117.34,118.77,117.29,118.64,73604287,1
113.85,117.6202,113.75,117.18,127959318,1
115.17,115.85,112.59,113.91,113226248,1
116.03,116.75,115.17,115.55,76499234,1
116.59,117.49,116.22,116.57,46691331,1
119.05,120.97,116.81,116.97,169410176,1
122.72,123.4693,120.01,121.01,125920963,1
123.08,123.37,120.89,122.02,89004195,1
122.94,123.78,122.21,123.52,78967630,1
122.25,122.8608,121.52,122.6,78260421,1
123.75,124.57,122.25,122.31,86711990,1
124.38,124.98,123.09,124.37,82225512,1
121.78,125.95,121,124.53,115089193,1
123.24,123.87,120.15,120.5,81312170,1
122.41,122.76,120.55,122.43,86939786,1
121.78,123.35,121.54,122.6,79075988,1
127.88,127.9,124.13,124.34,157572262,1
127.81,128.37,126.56,127.41,98208591,1
128.7,129.58,128.045,128.9,94359811,1
126.655,129.1,126.12,128.96,192541496,1
128.23,128.31,123.449,125.02,121251553,1
131.88,134.405,129.65,131.61,169351825,1
130.96,132.43,130.78,132.16,88223692,1
131.97,133.46,131.1,131.32,54930064,1
136.69,137.34,133.51,133.99,123124632,1
134.87,138.789,134.3409,138.05,121047324,1
133.72,135.99,133.4,135.58,96452124,1
132.69,134.74,131.72,134.08,99116586,1
129.41,133.6116,126.76,133.52,143301887,1
131.01,131.74,128.43,128.89,97664898,1
126.6,131.0499,126.382,127.72,155087970,1
130.92,131.63,127.86,128.36,109578157,1
132.05,132.63,130.23,132.43,105158245,1
128.98,130.17,128.5,129.19,100620880,1
128.8,129.69,126.86,128.5,90440255,1
130.89,131.45,128.49,128.76,88636831,1
128.91,131,128.76,130.8,90221755,1
127.14,130.2242,127,128.78,111598531,1
127.83,128.71,126.938,127.78,90757329,1
132.03,132.49,128.55,128.66,104319489,1
136.87,139.67,133.59,133.8,120529544,1
139.07,139.85,135.02,136.28,114459360,1
142.92,145.09,136.54,143.07,157611713,1
143.16,144.3,141.37,143.6,98390555,1
142.06,144.3,140.41,143.43,140843759,1
137.09,141.99,136.7,139.52,142621128,1
131.96,136.74,130.21,135.83,177523812,1
134.14,135.38,130.93,133.75,106239823,1
134.99,136.31,134.61,135.73,82266419,1
133.94,135.77,133.61,135.76,89880937,1
137.39,137.4,134.59,136.3,84183061,1
136.76,137.42,135.86,137.35,75693830,1
136.91,136.96,134.92,136.03,71297214,1
136.01,137.877,135.85,136.62,75986989,1
135.39,136.99,134.4,136.48,72647988,1
135.13,136.39,133.77,135.9,64280029,1
135.37,135.53,133.6921,134.35,60145130,1
133.19,136.01,132.79,135.49,80576316,1
130.84,132.22,129.47,131.25,97372199,1
129.71,129.995,127.41,129.2,96856748,1
129.87,130.71,128.8,130.24,87668834,1
126,129.72,125.6,128.01,102886922,1
125.86,126.71,118.39,123.76,158273022,1
125.35,125.56,122.23,124.94,111039904,1
120.99,126.4585,120.54,124.68,144766924,1
121.26,124.85,121.2,122.59,163424672,1
127.79,127.93,122.79,123.75,116307892,1
125.12,128.72,125.01,128.41,102260945,1
122.06,125.71,121.84,124.81,112966340,1
120.13,123.6,118.62,121.75,178154975,1
121.42,121.935,117.57,120.98,153766601,1
116.36,121,116.21,120.93,154376610,1
121.085,122.06,118.79,119.03,129525780,1
119.98,122.17,119.45,121.69,111943326,1
121.96,123.21,121.26,122.54,103026514,1
121.03,121.17,119.16,120.4,88105050,1
123.99,124,120.42,121.41,92590555,1
125.57,127.22,124.715,125.7,115227936,1
124.76,125.8599,122.336,124.05,111932636,1
120.53,123.18,120.32,122.88,121469755,1
119.99,121.43,119.675,119.9,185549522,1
123.39,123.87,120.26,120.33,111912284,1
122.54,124.24,122.14,123.33,95467142,1
120.09,122.9,120.065,122.82,88530485,1
120.59,121.66,119,119.54,98844681,1
121.21,121.48,118.92,120.35,94071234,1
121.39,122.58,120.7299,121.65,80819203,1
119.9,120.4031,118.86,120.11,85671919,1
122.15,123.52,121.15,121.65,118323826,1
123,124.18,122.49,123.66,75089134,1
125.9,126.1601,123.07,123.87,88651175,1
126.21,127.13,125.65,126.5,80171253,1
127.9,127.92,125.14,125.83,83466716,1
130.36,130.39,128.52,128.95,88844591,1
132.995,133.04,129.47,129.8,106686703,1
131.24,132.85,130.63,132.52,91419983,1
134.43,134.66,131.93,132.44,91266545,1
132.03,135,131.655,134.94,87222782,1
134.5,135,133.64,133.82,89347102,1
134.16,134.67,133.28,134.3,84922386,1
134.84,135.47,133.34,133.51,94264215,1
133.11,135.53,131.81,135.02,94812349,1
133.5,133.75,131.3001,132.36,68847136,1
131.94,134.15,131.41,133.04,84566456,1
134.32,135.12,132.16,132.16,78756779,1
134.72,135.06,133.56,134.83,66905069,1
134.39,135.41,134.11,135.01,66015804,1
133.58,135.02,133.08,134.31,107760097,1
133.48,137.07,132.45,136.47,151100953,1
131.46,133.56,131.065,131.78,109839466,1
132.54,134.07,131.83,132.04,75135100,1
127.85,131.4899,126.7,131.19,137564718,1
128.1,130.45,127.97,129.2,84000900,1
129.74,129.75,127.13,127.89,78128334,1
130.21,131.2582,129.475,130.85,78973273,1
126.85,129.54,126.81,129.41,88071229,1
125.91,126.27,122.77,123.5,126142826,1
122.77,124.64,122.25,123.4,112172282,1
124.97,126.15,124.26,124.58,105861339,1
127.45,127.89,125.85,126.25,81917951,1
126.27,126.93,125.17,126.82,74244624,1
124.85,126.99,124.78,126.56,63342929,1
124.69,124.915,122.86,123.16,92611989,1
127.31,127.72,125.1,125.23,76857123,1
125.43,128,125.21,127.82,79295436,1
127.1,127.94,125.94,126.01,63092945,1
126.9,128.32,126.32,127.82,72009482,1
126.85,127.39,126.42,126.955,56575920,1
125.28,127.64,125.08,126.44,94625601,1
124.61,125.8,124.55,125.57,71311109,1
124.28,125.35,123.94,125.08,67637118,1
125.06,125.24,124.05,124.28,59278862,1
123.54,124.85,123.13,124.68,76229170,1
125.89,126.16,123.85,124.07,75169343,1
125.9,126.32,124.8321,126.17,71057550,1
126.74,128.46,126.2101,126.6,74403774,1
127.13,127.75,126.52,127.21,56877937,1
126.11,128.19,125.94,127.02,71186421,1
127.35,127.44,126.1,126.53,53522373,1
130.48,130.54,127.07,127.82,96906490,1
129.64,130.6,129.39,129.94,62746332,1
130.15,130.89,128.461,130.37,91339351,1
131.79,132.55,129.65,129.8,96721669,1
130.46,131.51,130.24,130.71,108953309,1
132.3,132.41,129.21,130.3,79663316,1
133.98,134.08,131.62,132.13,74783618,1
133.7,134.32,133.23,133.77,60214200,1
133.41,134.64,132.93,134.45,68710998,1
133.11,133.89,132.81,133.46,70783746,1
134.78,135.245,133.35,133.41,62111303,1
136.33,136.49,134.35,134.8,64556081,1
136.96,137.41,135.87,136.17,63261393,1
137.27,137.33,135.76,136.6,52485781,1
139.96,140,137.745,137.9,78945572,1
